Year,CO2,EA,GDP,HE,NM,UE,UP,LE
2000,6023.15771484375,25.871996968313,0.955538348341605,4548.5546875,10.19,3.992,79.0740897861327,76.6365853658537
2001,5903.56201171875,26.2660135830579,1.70044732643726,4901.67529297,10.21,4.731,79.3086223667912,76.8365853658537
2002,5947.8193359375,26.8990001359402,2.79560596320081,5327.93701172,10.21,5.783,79.5461039768657,76.9365853658537
2003,6006.43994140625,27.470244377619,3.84777169556921,5732.24365234,10.1,5.989,79.7773350255284,77.0365853658537
2004,6111.544921875,27.7378357639175,3.48354993555606,6071.84423828,10.3,5.529,79.9960936968363,77.4878048780488
2005,6126.9033203125,27.9080910965083,2.78453963650701,6428.60205078,10.41,5.084,80.1961581748464,77.4878048780488
2006,6045.326171875,28.4415736430702,2.00385829784946,6802.47509766,10.5,4.623,80.3713066436159,77.6878048780488
2007,6121.54248046875,29.1170692702114,0.113587249881704,7153.73144531,10.56,4.622,80.5153172872016,77.9878048780488
2008,5919.22119140625,29.5267774375668,-2.57650022958367,7364.93847656,10.73,5.784,80.6219682896606,78.0390243902439
2009,5486.10400390625,29.7172554260736,2.69519257744442,7614.82421875,10.75,9.254,80.6850378350499,78.390243902439
2010,5669.25,29.9961309081733,1.56440685763506,7836.08837891,10.88,9.633,80.6997744673366,78.5414634146342
2011,5538.97314453125,30.4181560751516,2.28911338669843,8015.78076172,11.0,8.949,80.6957554256024,78.6414634146341
2012,5331.46728515625,31.0561865240495,2.11783009790057,8262.29296875,11.03,8.069,80.6837493386238,78.7414634146342
2013,5473.43603515625,31.6599998474121,2.52381981363968,8412.25195313,11.0,7.375,80.660889281215,78.7414634146342
2014,5531.38525390625,31.9599990844727,2.94555045484053,8796.33886719,11.06,6.168,80.6242231779766,78.8414634146341
2015,5368.49658203125,32.5,1.81945147788167,9200.93164063,11.17,5.28,80.5707989535091,78.690243902439
2016,5245.36181640625,33.439998626709,2.45762229852507,9535.60058594,11.46,4.869,80.4976645324131,78.5390243902439
2017,5195.41748046875,32.0158805847168,2.96650506901305,9822.60644531,11.55,4.355,80.4018678392891,78.5390243902439
2018,5361.236328125,34.9900016784668,2.58382533412825,10180.48242188,11.59,3.896,80.2804567987377,78.6390243902439
2019,5235.912109375,36.0551531503778,-2.16302914036166,10550.22070313,13.02,3.669,80.1304793353594,78.7878048780488
2020,4689.95361328125,37.5200004577637,6.05505293244555,11648.49511719,12.34,8.055,79.997451762548,76.9804878048781
2021,5020.11083984375,35.0492286682129,2.51237531986017,12080.07324219,13.03,5.349,80.0074765140272,76.3292682926829
2022,5055.40283203125,37.6599998474121,2.88755600749487,12586.19628906,13.38,3.65,80.0324978239707,77.4341463414634
